8	month	time
10000	1	92.69796296296296
10000	2	79.40663194444446
10000	3	6.736527777777779
10000	4	0.8078073286052009
10000	5	7.105197428833793
10000	6	31.024321378340368
10000	7	48.55131313131313
10000	8	69.23837962962963
10000	9	28.875324074074072
10001	1	196.24041907728827
10001	2	258.59770712909443
10001	3	141.61138362794614
10001	4	58.22143111518111
10001	5	57.69396264908977
10001	6	56.22385224447062
10001	7	50.38285819337698
10001	8	50.6846169497523
10001	9	18.69497258127693
10002	1	157.0043048348571
10002	2	157.40817330016586
10002	3	150.39969241300125
10002	4	92.930243955095
10002	5	56.6648213071168
10002	6	62.59021348105638
10002	7	74.3346062255723
10002	8	55.27854374026678
10002	9	23.107216971544712
10003	1	176.38697872434537
10003	2	188.39110620611316
10003	3	205.00697983184335
10003	4	82.2141206244664
10003	5	60.448189215386186
10003	6	87.4554720153114
10003	7	116.89800964378
10003	8	80.50811391784728
10003	9	30.795064970089243
10004	1	60.83554882737409
10004	2	116.80856550580432
10004	3	175.87732055063913
10004	4	142.40015624999998
10004	5	64.74443406022846
10004	6	55.0547653256705
10004	7	103.46902287581699
10004	8	83.74068181818181
10004	9	38.7775582437276
10005	1	63.470904605263165
10005	2	87.25359241452992
10005	3	222.3372810218978
10005	4	35.7907283197832
10005	5	133.5454096045198
10005	6	70.24739923747276
10005	7	82.86349910394264
10005	8	58.25532505910166
10005	9	20.541736736736738
10006	1	131.28956304619226
10006	2	112.74118253968254
10006	3	262.8789030131827
10006	4	57.074050387596905
10006	5	71.13775793650794
10006	6	87.44265729585007
10006	7	93.38681341719077
10006	8	66.02162326388888
10006	9	35.10999614197531
10007	1	116.60944878472223
10007	2	137.01974537037037
10007	3	99.86189876543209
10007	4	94.9015101010101
10007	5	44.69583190148912
10007	6	125.12608168549906
10007	7	98.75827949438202
10007	8	78.20197463768116
10007	9	34.563245294474804
10009	1	140.41539651837525
10009	2	124.44796531854752
10009	3	189.79352084972462
10009	4	54.20878117913832
10009	5	35.2912663723326
10009	6	48.887474875950005
10009	7	88.10785724606271
10009	8	54.01951913543526
10009	9	21.138944266524334
10010	1	278.13703101030023
10010	2	198.11889895759302
10010	3	94.44451668530948
10010	4	61.84257020091988
10010	5	73.4847701486698
10010	6	55.49011177136389
10010	7	141.0691158234127
10010	8	60.4439253647587
10010	9	30.696140740740738
10011	1	185.7942157035471
10011	2	204.50648999999999
10011	3	180.68247991557735
10011	4	86.35428497139885
10011	5	82.50067080045096
10011	6	105.20455164813144
10011	7	118.70480292588562
10011	8	66.06862127735917
10011	9	30.509944444444447
10012	1	176.29371712962964
10012	2	171.04258469945356
10012	3	241.1930424903431
10012	4	65.31367728531856
10012	5	116.54994889267464
10012	6	87.88528918214402
10012	7	166.08665820868947
10012	8	80.82150165016502
10012	9	29.321986404833837
10013	1	132.29491398358584
10013	2	124.78300144853443
10013	3	167.6353755144033
10013	4	88.80223734873486
10013	5	43.085440596846844
10013	6	89.9233231599434
10013	7	85.13025191455058
10013	8	65.68122401937802
10013	9	29.52582070707071
10014	1	180.9893143888137
10014	2	131.60418977979492
10014	3	283.5113163452709
10014	4	83.8315362962963
10014	5	57.14067200388162
10014	6	99.27291028845153
10014	7	157.43209234077173
10014	8	66.72286676140209
10014	9	32.72805186660764
10016	1	126.88223256635382
10016	2	190.73201755651758
10016	3	144.53628070175438
10016	4	85.91612460638777
10016	5	56.63350926850927
10016	6	112.59062093047679
10016	7	109.14384885378962
10016	8	134.3410734299517
10016	9	62.50459350221399
10017	1	304.55148903508774
10017	2	310.83653708668453
10017	3	288.85150041305246
10017	4	68.41254247015611
10017	5	44.15547839506173
10017	6	75.5207365466512
10017	7	106.82646599070553
10017	8	92.03751543209877
10017	9	23.897989356178606
10018	1	187.89805476641413
10018	2	313.7573168789809
10018	3	270.81289824771005
10018	4	54.303346624136104
10018	5	64.03141754850088
10018	6	53.578212560386476
10018	7	98.46929512258737
10018	8	50.50435305658819
10018	9	12.891698047419805
10019	1	147.54384284284285
10019	2	173.97530588299497
10019	3	179.07360494841598
10019	4	69.93886711711713
10019	5	41.38621861025112
10019	6	74.35251443606221
10019	7	101.45258371385084
10019	8	46.409339988206554
10019	9	18.62847450264964
10020	1	498.50425925925924
10020	2	145.6326
10020	3	202.4851495726496
10020	4	0.25125000000000003
10020	5	0.24152777777777779
10020	6	62.391507936507935
10020	7	118.5054365079365
10020	8	15.510173611111112
10020	9	11.679242424242425
10021	1	150.93691160372194
10021	2	165.2163507625272
10021	3	278.16983091787444
10021	4	122.94068121693121
10021	5	121.07348986794172
10021	6	135.71093446824088
10021	7	187.3317900516796
10021	8	86.63353023909987
10021	9	47.275321969696975
10022	1	177.42488235820363
10022	2	230.23982771970577
10022	3	180.42007164669957
10022	4	139.84142962962963
10022	5	99.67956883087908
10022	6	102.86892101621194
10022	7	117.84702747909199
10022	8	88.10912257495592
10022	9	30.578698229077407
10023	1	146.8310823092678
10023	2	137.32283317836666
10023	3	168.62155458742924
10023	4	87.57291182733256
10023	5	42.613393055555555
10023	6	70.724571616048
10023	7	105.65476211903048
10023	8	59.2534719241774
10023	9	21.001205833709218
10024	1	134.13219739455545
10024	2	160.48564969931272
10024	3	201.70810329218105
10024	4	122.93778224365845
10024	5	78.4703725824801
10024	6	102.29479622745423
10024	7	76.86057526881721
10024	8	64.91763589666866
10024	9	26.657579545454546
10025	1	133.1974918688467
10025	2	182.94794780112863
10025	3	213.81592446283756
10025	4	130.9303932409628
10025	5	65.01603659368394
10025	6	82.93490583371613
10025	7	98.49967291045834
10025	8	65.42783493077742
10025	9	24.682210366965784
10026	1	140.80777178257395
10026	2	114.63610387522111
10026	3	186.15028546220398
10026	4	109.77198443223443
10026	5	89.55718370522162
10026	6	41.974283284385706
10026	7	67.11455003050641
10026	8	46.819671176840785
10026	9	11.2620883470551
10027	1	130.5074756097561
10027	2	126.74357121879589
10027	3	222.2244550855724
10027	4	115.52162984248616
10027	5	68.79811863779382
10027	6	83.68472172729523
10027	7	91.21391588117682
10027	8	65.84921583459405
10027	9	23.55584486598266
10028	1	130.7600530818388
10028	2	132.71806539351851
10028	3	178.4673706577975
10028	4	64.11496929327286
10028	5	61.82052828513445
10028	6	91.23148600554953
10028	7	153.99124109901922
10028	8	67.60317634363687
10028	9	21.895337390296405
10029	1	106.31163852498788
10029	2	137.2996987982483
10029	3	161.7538333786478
10029	4	127.38508748741188
10029	5	91.65581391954225
10029	6	50.31293005671078
10029	7	87.45833067401605
10029	8	50.26782016836826
10029	9	19.43533099191145
10030	1	131.91671855493132
10030	2	90.97579535054
10030	3	361.33745535714286
10030	4	124.47408730158732
10030	5	126.2340044271677
10030	6	59.14168005983441
10030	7	121.41193724382408
10030	8	73.35901490066226
10030	9	32.25367611434108
10031	1	96.06435391951618
10031	2	102.31094095288606
10031	3	259.13915278703087
10031	4	157.50472686013387
10031	5	75.48078877244839
10031	6	67.66563076640062
10031	7	67.10813490935506
10031	8	57.90675853407698
10031	9	17.319060174240434
10032	1	134.0163530027933
10032	2	185.6503151997263
10032	3	207.3367871315193
10032	4	152.4236463276836
10032	5	83.84075989006038
10032	6	50.96848309333714
10032	7	39.66824441336836
10032	8	34.59693817368314
10032	9	17.74136152721037
10033	1	133.6219406935067
10033	2	146.92023120138288
10033	3	247.1015511639532
10033	4	196.10426068722944
10033	5	80.22388611600444
10033	6	57.864985011990406
10033	7	53.4658785685565
10033	8	40.595812675590814
10033	9	15.684850918244345
10034	1	135.70235028976174
10034	2	114.26452003839692
10034	3	245.41006757369615
10034	4	101.7547622305141
10034	5	41.79208519827248
10034	6	28.488941534083562
10034	7	40.19700252188103
10034	8	20.387647252473485
10034	9	6.768605902777778
10035	1	122.57835590756045
10035	2	160.95713806035235
10035	3	249.88126182408584
10035	4	183.16669421755478
10035	5	104.668298047331
10035	6	66.61914094280928
10035	7	112.80792898402991
10035	8	61.30301661669166
10035	9	28.972236703528175
10036	1	228.1529424157303
10036	2	238.84503022452503
10036	3	220.46924440483266
10036	4	96.55288063691307
10036	5	50.59910197869102
10036	6	79.15519814814816
10036	7	114.65795721187025
10036	8	53.75511446681581
10036	9	24.00307324016563
10037	1	107.54971558872305
10037	2	175.40857592592593
10037	3	265.6118485380117
10037	4	64.94677397446347
10037	5	74.4094957774466
10037	6	67.13796674413457
10037	7	95.64237831294598
10037	8	73.76359538784067
10037	9	11.610961881589619
10038	1	81.00349476911977
10038	2	76.7656045751634
10038	3	100.97212287104624
10038	4	70.49485061369509
10038	5	28.785706836018175
10038	6	78.69090277777778
10038	7	79.18687431514356
10038	8	82.1205041416738
10038	9	30.554827138289365
10039	1	128.1231005892256
10039	2	144.33776008797093
10039	3	204.78068217790442
10039	4	145.85037413429689
10039	5	102.99769582565992
10039	6	83.92510362162717
10039	7	115.81302613574165
10039	8	63.43305280800088
10039	9	16.79490850970018
10040	1	119.58147265400116
10040	2	106.38437716562716
10040	3	190.03694160775072
10040	4	121.8617824660103
10040	5	37.77579401675131
10040	6	20.699299454669394
10040	7	41.36534639550265
10040	8	31.916680768197693
10040	9	13.16402823797953
10041	1	251.56965277777778
10041	2	0.0
10041	3	24.711388888888887
10041	4	0.055
10041	6	66.90194444444445
10041	7	19.02
10041	8	25.04652777777778
10041	9	11.008
10044	1	99.84869883040936
10044	2	25.023611111111112
10044	3	356.1059188034188
10044	4	105.2958111111111
10044	5	14.577760942760943
10044	6	44.05511229314421
10044	7	260.7818686868687
10044	8	59.79347670250896
10044	9	88.42696581196581
10045	1	35.85861111111112
10045	2	144.76000000000002
10045	4	0.15694444444444444
10045	5	1.0094444444444444
10045	8	898.1130555555555
10045	9	11.294027777777778
10048	8	0.2086111111111111
10048	9	7.65
10055	2	166.79861111111111
10055	9	230.31333333333333
10065	1	181.71607739665788
10065	2	202.3405875509017
10065	3	179.62758888888888
10065	4	56.990033444816056
10065	5	64.56169270833334
10065	6	75.49697633434039
10065	7	124.62379925925927
10065	8	83.12419107091588
10065	9	31.570691434468525
10069	1	121.90222222222222
10069	2	93.36195555555555
10069	3	162.19824074074074
10069	4	176.33378600823048
10069	5	69.76219696969697
10069	6	92.21061447811448
10069	7	62.991085858585855
10069	8	24.073712121212125
10069	9	10.480530303030303
10075	1	153.9861899269512
10075	2	127.19401180797522
10075	3	353.8232791977281
10075	4	288.2429024342363
10075	5	140.5117958152958
10075	6	165.35383580570098
10075	7	197.70220298553403
10075	8	129.25959090909092
10075	9	38.92618427069044
10103	1	38.09034722222222
10103	2	249.18166666666667
10103	3	0.35944444444444446
10103	5	0.021111111111111112
10103	6	0.0
10103	7	94.315
10103	8	0.5601388888888889
10103	9	2.7198611111111113
10105	1	103.34796296296297
10105	3	573.2024305555556
10105	4	0.12472222222222222
10105	5	2.05375
10105	7	69.42250000000001
10105	8	0.7172222222222222
10105	9	4.6752777777777785
10106	2	1.3
10106	3	60.31666666666666
10106	4	0.6466666666666666
10107	3	18.682954545454546
10107	5	21.411527777777778
10107	8	2.859583333333333
10110	1	12.721666666666666
10110	2	474.4212037037037
10110	7	2.3223611111111113
10111	2	1413.3508333333334
10111	3	1.2661111111111112
10111	4	10.039814814814815
10111	5	0.0575
10111	7	499.62083333333334
10112	2	408.2559722222222
10112	4	43.39333333333334
10112	6	24.920277777777777
10112	7	410.40333333333336
10112	8	24.799166666666668
10112	9	146.0914814814815
10115	3	171.98694444444445
10115	5	352.6045833333334
10115	6	1072.9636111111113
10115	7	389.7578703703704
10115	8	228.9449074074074
10118	1	437.93337962962966
10118	2	40.202916666666674
10118	3	30.24361111111111
10118	5	635.2755555555556
10118	7	30.953611111111112
10118	8	34.76833333333334
10119	1	448.7636111111111
10119	2	20.524675925925926
10119	3	22.578125000000004
10119	4	0.8402777777777778
10119	5	7.911277777777778
10119	6	1.2499259259259259
10119	7	3.233763888888889
10119	8	4.076319444444445
10119	9	6.91381313131313
10120	1	635.3035416666667
10120	2	10.325000000000001
10120	3	78.9462962962963
10120	4	3.267638888888889
10120	5	0.14319444444444443
10120	6	119.85486111111112
10120	7	110.71444444444445
10120	8	0.7571825396825397
10121	1	443.18600574712644
10121	2	446.75281362007166
10121	3	566.1737847222222
10121	4	10.692256944444443
10121	5	0.2165277777777778
10121	6	2.7862777777777774
10121	7	172.3541111111111
10121	8	291.2886666666667
10121	9	23.81719696969697
10122	2	1151.6479166666668
10122	3	89.16388888888889
10122	4	0.0
10122	5	0.32472222222222225
10122	7	39.75777777777778
10123	1	6.735722222222222
10123	2	3.009097222222222
10123	4	0.05333333333333334
10123	6	1.7075
10123	7	6.48125
10123	8	0.19
10123	9	0.4410185185185185
10128	1	166.36153787878789
10128	2	215.44654250404253
10128	3	206.35517916422575
10128	4	68.54115287490288
10128	5	80.15333411470543
10128	6	93.10892611321815
10128	7	107.93317869415809
10128	8	98.07323259525235
10128	9	35.97579323570433
10151	1	2.854722222222222
10151	7	0.2922222222222222
10151	8	0.24481481481481482
10151	9	2.267083333333334
10152	1	16.928888888888892
10152	2	22.036527777777778
10152	3	1198.1000000000001
10152	9	11.367777777777778
10153	6	184.8437037037037
10153	7	0.4421296296296296
10153	8	0.19111111111111112
10154	1	3.1352777777777776
10154	3	593.5290277777779
10154	6	359.9060185185186
10154	7	22.558333333333334
10154	8	24.878680555555558
10154	9	0.5769444444444445
10155	1	4.200555555555556
10155	2	1520.8005555555555
10155	3	35.92625
10155	4	1.2891666666666666
10155	6	1.6047222222222222
10155	8	0.6133333333333333
10158	2	1570.8972222222221
10158	3	24.0
10158	8	0.07111111111111111
10162	1	14.369305555555556
10162	3	10.61088888888889
10162	4	0.44125000000000003
10162	5	18.49402777777778
10162	6	42.48506944444444
10162	7	40.291923076923084
10162	8	27.00787037037037
10162	9	0.15555555555555559
10165	1	357.97576388888893
10165	2	4.387083333333333
10165	4	0.5296296296296297
10165	5	971.1036111111111
10165	7	63.98833333333334
10165	8	15.597962962962965
10166	1	0.44055555555555553
10166	5	0.04027777777777778
10167	7	2.4780555555555557
10168	1	799.7796666666666
10168	2	332.63048611111117
10168	3	360.5561666666666
10168	4	1.0964444444444443
10168	5	0.16583333333333333
10168	6	0.3711111111111111
10168	7	0.17324074074074072
10168	9	4.251111111111111
10169	1	7.814783950617285
10169	2	2.4086805555555557
10169	3	17.746219512195122
10169	4	4.339888888888889
10169	5	8.437173202614378
10169	6	7.8289850427350425
10169	7	25.35584422657952
10169	8	4.150428802588997
10169	9	4.600608747044918
10170	1	85.35
10170	2	2.7672222222222222
10170	4	0.1688888888888889
10170	6	15.895833333333334
10170	7	78.24188271604937
10170	8	118.50037037037038
10170	9	0.12576388888888887
10171	1	127.29777777777778
10171	3	23.333333333333332
10171	5	33.09097222222222
10171	9	22.296944444444446
10172	1	16.50138888888889
10172	2	56.634027777777774
10172	3	25.975925925925925
10172	7	143.87111111111113
10173	1	47.89472222222222
10173	4	0.44
10173	5	18.000000000000004
10173	7	9.090000000000002
10173	8	0.6055555555555555
10173	9	8.531666666666666
10174	3	411.5179166666667
10174	4	4.883611111111111
10174	5	0.09944444444444445
10174	9	83.24277777777777
10175	7	2.0052777777777777
10176	2	196.56666666666666
10176	3	91.41064814814814
10177	1	654.2323611111111
10177	3	52.863055555555555
10177	5	0.555
10177	6	0.14722222222222223
10177	7	21.18027777777778
10177	9	4.6075
10178	1	108.91324074074073
10178	3	2243.280555555556
10178	6	4.500601851851852
10178	7	0.21291666666666667
10178	8	37.27694444444444
10178	9	0.2927777777777778
10179	2	698.220324074074
10179	6	0.3869444444444444
10271	1	1996.1293055555557
10271	2	0.4211111111111111
10271	3	751.6545833333333
10271	6	4.426527777777778
10271	7	3.305555555555556
10271	8	0.0
10278	1	307.92284722222223
10278	2	4.19212962962963
10278	3	15.392777777777777
10278	4	14.615324074074076
10278	5	84.51513888888888
10278	6	52.640499999999996
10278	7	4.764166666666666
10278	8	12.851064814814814
10278	9	5.85
10279	1	23.529884259259262
10279	2	195.47750000000002
10279	4	0.21375
10279	5	0.32375
10279	6	0.17194444444444446
10279	7	7.58638888888889
10279	8	34.234722222222224
10279	9	205.4613888888889
10280	1	177.6625664251208
10280	2	76.00866898148148
10280	3	197.94969246031746
10280	4	18.258183183183185
10280	5	3.860833333333334
10280	6	49.919805555555556
10280	7	39.867540650406504
10280	8	37.78997777777778
10280	9	17.883849206349208
10281	1	328.97020833333335
10281	2	449.1543981481482
10281	3	646.3384722222222
10281	4	533.8083333333334
10281	5	20.830092592592592
10281	6	151.1791666666667
10281	7	52.13625
10281	8	43.484365079365084
10281	9	0.5485416666666667
10282	1	37.062092013888886
10282	2	138.86186274509805
10282	3	84.44439814814815
10282	4	48.54490740740741
10282	5	9.087509107468124
10282	6	79.86848765432099
10282	7	56.827842592592596
10282	8	235.49814814814815
10282	9	32.14944444444445
10301	1	124.53797357132973
10301	2	131.63723239436618
10301	3	176.22605804421022
10301	4	83.85783217073576
10301	5	79.97256144685164
10301	6	102.70980711076552
10301	7	124.92899844236761
10301	8	75.90838996289787
10301	9	32.47576490514905
10302	1	183.11683274021354
10302	2	162.26113267770876
10302	3	356.01442769897557
10302	4	107.4400293998378
10302	5	180.2213002873563
10302	6	86.87727812000912
10302	7	147.83012359011278
10302	8	86.41279202279203
10302	9	23.364393821391484
10303	1	120.12356097961867
10303	2	125.29143037037038
10303	3	172.86533242258653
10303	4	140.34518696581196
10303	5	95.241614755909
10303	6	95.60340905409782
10303	7	136.22226554907678
10303	8	62.621443236714974
10303	9	23.96710495455878
10304	1	126.28501464128844
10304	2	137.0912812333865
10304	3	242.77238915814038
10304	4	205.24269893483708
10304	5	134.60696347997745
10304	6	104.39885302125877
10304	7	131.06717923558546
10304	8	103.37567362335881
10304	9	33.40622321701868
10305	1	107.7617093639576
10305	2	86.6038540213854
10305	3	115.09505282127766
10305	4	123.73023148148148
10305	5	122.53680022259321
10305	6	118.35377631578947
10305	7	121.8468761174968
10305	8	106.14529812779814
10305	9	24.623801382157602
10306	1	103.84597975583371
10306	2	110.15480657181573
10306	3	137.9806812707016
10306	4	74.62190776604068
10306	5	104.73465546942292
10306	6	145.4306855396066
10306	7	128.27716716049383
10306	8	115.14317127866632
10306	9	36.064438956433634
10307	1	157.92224666666667
10307	2	138.11995652173914
10307	3	127.67976273148149
10307	4	89.84339611872146
10307	5	55.55470469255663
10307	6	81.80068945442449
10307	7	78.22163407407407
10307	8	115.03682315064391
10307	9	36.72106635802469
10308	1	120.51071910695742
10308	2	102.18228235094853
10308	3	145.88002362055934
10308	4	57.0227380952381
10308	5	98.93996843434343
10308	6	68.87277342995169
10308	7	132.694666985341
10308	8	119.15104049756827
10308	9	37.94986633811231
10309	1	122.16076415293621
10309	2	133.10778500843577
10309	3	171.4324176198257
10309	4	88.49381334592383
10309	5	104.34664090501792
10309	6	156.22310024657114
10309	7	116.46491759125261
10309	8	126.4740264390897
10309	9	38.366216608594655
10310	1	109.01735270132518
10310	2	97.58751873385013
10310	3	170.7275368480726
10310	4	187.68826801801802
10310	5	61.21383524904215
10310	6	86.89447916666667
10310	7	100.3513576388889
10310	8	82.41727207977208
10310	9	31.238005674537803
10312	1	108.65717911877395
10312	2	140.04052836566726
10312	3	187.7370404562613
10312	4	83.25355234289296
10312	5	102.86109576780463
10312	6	128.6899630047655
10312	7	108.97802513227514
10312	8	132.61579788568918
10312	9	43.58061075875029
10314	1	100.64833309073265
10314	2	145.1208871493803
10314	3	140.6564406246978
10314	4	94.05505080109417
10314	5	107.91771165236929
10314	6	95.1054607688257
10314	7	99.34851323828921
10314	8	100.91565395592727
10314	9	29.90997313296904
10451	1	158.97118848653668
10451	2	164.87328086743616
10451	3	357.702972666272
10451	4	119.66290824915825
10451	5	77.1226520578733
10451	6	61.169425559291085
10451	7	72.83667911788869
10451	8	61.84325223361516
10451	9	21.198883442265796
10452	1	186.9793531267929
10452	2	183.13950774068698
10452	3	380.77328846938184
10452	4	127.6274304169439
10452	5	82.68078540337586
10452	6	75.25712635143937
10452	7	72.90368128970394
10452	8	48.727399399780204
10452	9	23.18750291065553
10453	1	212.9658538415366
10453	2	146.64825830040897
10453	3	272.4297882501075
10453	4	175.0166067390321
10453	5	95.63347831089632
10453	6	52.40008517770799
10453	7	74.23704086464474
10453	8	49.441657127991675
10453	9	19.97992875616064
10454	1	171.23428090766822
10454	2	140.13774156441718
10454	3	208.98192700817702
10454	4	122.81428400059978
10454	5	87.24755007153075
10454	6	75.24445220487537
10454	7	140.01392623511032
10454	8	56.26118315018315
10454	9	26.96311665964321
10455	1	141.2065016400164
10455	2	149.1420861111111
10455	3	163.16273757309943
10455	4	115.92949539776463
10455	5	102.03296504110095
10455	6	71.26166055590474
10455	7	95.58104285412709
10455	8	69.76612717381992
10455	9	20.82917861111111
10456	1	170.21168402777778
10456	2	171.55376981505944
10456	3	237.33581064886152
10456	4	152.38903081232493
10456	5	90.66697214372225
10456	6	73.22088398156438
10456	7	98.50406719959119
10456	8	88.13529631155043
10456	9	26.31238560521117
10457	1	152.12494608838605
10457	2	124.18310798594969
10457	3	230.41587595097212
10457	4	145.17961463223787
10457	5	68.61719931013798
10457	6	72.82946037014685
10457	7	83.12939464228863
10457	8	35.585283296541576
10457	9	26.186706042964165
10458	1	199.06039556962028
10458	2	151.69921897659
10458	3	226.88826842467466
10458	4	158.52988906868035
10458	5	122.84503432639205
10458	6	98.79361345370671
10458	7	110.16002383474576
10458	8	68.16765813566376
10458	9	26.760260397609464
10459	1	204.66627624560212
10459	2	214.849548098434
10459	3	317.49988679245286
10459	4	191.06138343156516
10459	5	106.03253239104829
10459	6	130.17340097792177
10459	7	129.0883413920137
10459	8	80.76957713662503
10459	9	27.41598137600579
10460	1	175.9240276801749
10460	2	154.36939577594123
10460	3	290.92162403100775
10460	4	159.992160250802
10460	5	106.36933745421246
10460	6	86.87391760611496
10460	7	99.9626823555883
10460	8	69.19829834424519
10460	9	23.826557682821555
10461	1	153.41320775116432
10461	2	153.46414474362945
10461	3	200.11760515873016
10461	4	134.3371623197625
10461	5	59.10608171559343
10461	6	145.33544266089862
10461	7	105.70355884389062
10461	8	98.93628209743221
10461	9	30.460568144499177
10462	1	144.88059909804835
10462	2	132.12303215742742
10462	3	177.7220602999694
10462	4	108.94621678946193
10462	5	76.05212000757145
10462	6	75.40146279443255
10462	7	104.42249379267537
10462	8	79.80060888517902
10462	9	34.261851061076605
10463	1	154.592715066731
10463	2	112.68392172739541
10463	3	129.0909677963244
10463	4	89.71654429046114
10463	5	63.552064944834505
10463	6	75.91800273077267
10463	7	99.36922441860465
10463	8	48.81133521870287
10463	9	21.947534859103516
10464	1	159.21984463276834
10464	2	187.9230358705162
10464	3	75.33020760233919
10464	4	62.978166016894086
10464	5	80.2835956175299
10464	6	140.81792897327708
10464	7	104.39283647798742
10464	8	81.16202562597809
10464	9	32.778930555555554
10465	1	126.4650850266609
10465	2	128.95702658540895
10465	3	78.44251022278624
10465	4	73.97143954248367
10465	5	87.3502147890723
10465	6	119.95803323412699
10465	7	81.62817671872196
10465	8	79.0654146956796
10465	9	19.30171610720791
10466	1	151.73649277866383
10466	2	161.26420813964089
10466	3	244.0434611251285
10466	4	42.66786378239838
10466	5	23.675222281440874
10466	6	40.67648677717323
10466	7	31.897815393090294
10466	8	15.822051916986727
10466	9	8.802545891005167
10467	1	255.80680497636922
10467	2	176.27319396099233
10467	3	295.24952045795794
10467	4	145.7903510821116
10467	5	112.71189234896197
10467	6	110.40724177097822
10467	7	130.8984296431468
10467	8	85.53514901113448
10467	9	28.40461091753775
10468	1	200.6879588993382
10468	2	145.66050816696915
10468	3	213.42737300094075
10468	4	113.67799865335869
10468	5	87.46043014533521
10468	6	65.71123640467884
10468	7	89.43672099823202
10468	8	47.64444535568921
10468	9	20.737470250743733
10469	1	164.48926708043194
10469	2	162.14960578148532
10469	3	166.0464882490464
10469	4	166.91140726043506
10469	5	129.61733779722442
10469	6	112.0049549728513
10469	7	111.56286383721759
10469	8	85.3671191930409
10469	9	27.286392801251957
10470	1	162.1229556898288
10470	2	174.11991804467655
10470	3	277.00475783475787
10470	4	109.3914576388889
10470	5	90.2264348331221
10470	6	97.8608785113616
10470	7	114.68677431328878
10470	8	86.02248493186582
10470	9	32.56828010645376
10471	1	72.61824558461882
10471	2	90.31983796296296
10471	3	114.60025877192983
10471	4	70.70840277777778
10471	5	76.66011454753722
10471	6	99.79105119825708
10471	7	108.011228453991
10471	8	73.78229280926264
10471	9	27.72601585014409
10472	1	133.2377195545393
10472	2	135.0226171548117
10472	3	260.8722062004326
10472	4	174.84820115110722
10472	5	93.96794488838154
10472	6	74.72495711930856
10472	7	66.81061518898535
10472	8	50.39293691148776
10472	9	20.609952781237027
10473	1	124.48744187405072
10473	2	97.93910436137072
10473	3	140.84229668767767
10473	4	78.17609170751633
10473	5	60.83568238406473
10473	6	67.58832237536966
10473	7	78.2064372368515
10473	8	49.770785326446834
10473	9	21.10395988768552
10474	1	254.18658520690778
10474	2	185.41444265809218
10474	3	274.8076967871486
10474	4	152.63978331704138
10474	5	104.3434103454416
10474	6	81.51678452579036
10474	7	139.17775516795865
10474	8	77.7520436067997
10474	9	36.08569302721089
10475	1	88.29427879714576
10475	2	174.88184969853575
10475	3	179.96406662409535
10475	4	112.09307692307692
10475	5	120.17925147836912
10475	6	113.42532735669656
10475	7	136.78611675126905
10475	8	72.29391019988242
10475	9	26.846668803418805
11001	1	151.1163621794872
11001	2	256.54246376811597
11001	3	35.89724160206719
11001	4	26.302866666666663
11001	5	81.1732264957265
11001	6	223.06744117647062
11001	7	168.74817574786326
11001	8	169.74116471734894
11001	9	40.896559829059825
11004	1	387.51062706270625
11004	2	528.07363997114
11004	3	96.83401657706094
11004	4	97.79415151515151
11004	5	194.5817806267806
11004	6	193.89378997289973
11004	7	243.77795510455107
11004	8	182.84713208784004
11004	9	37.079040849673206
11005	1	25.450648148148147
11005	3	9.550555555555556
11005	4	7.938611111111111
11005	5	0.42727777777777776
11005	6	84.31006944444445
11005	7	201.98875
11005	8	197.4975
11005	9	0.5223333333333333
11040	1	345.4349154589372
11040	2	346.1633015873016
11040	3	101.16803571428571
11040	4	144.5111031746032
11040	5	173.30672413793104
11040	6	116.41372685185185
11040	7	151.5278015873016
11040	8	143.30575281803544
11040	9	26.663849206349205
11101	1	131.70516344725112
11101	2	126.74972476851852
11101	3	154.17396717931575
11101	4	58.25575564434297
11101	5	63.701251419302515
11101	6	53.18985253430722
11101	7	74.60205504247193
11101	8	64.36443078890963
11101	9	21.318468451483156
11102	1	136.6715639897323
11102	2	91.89926481734122
11102	3	158.2046788468279
11102	4	81.55796979226226
11102	5	73.0255910808768
11102	6	83.50918567807351
11102	7	133.61935603467944
11102	8	89.63303774215098
11102	9	17.998628897971543
11103	1	122.22246027277278
11103	2	91.85525777162205
11103	3	118.5676817558299
11103	4	98.60756741686941
11103	5	61.230146670887414
11103	6	104.69601472556894
11103	7	124.69914376030786
11103	8	127.34156591424448
11103	9	30.752469135802468
11104	1	162.4405524691358
11104	2	149.412745828896
11104	3	126.8133810763889
11104	4	73.92655778894472
11104	5	90.88048493408662
11104	6	126.52927980278218
11104	7	110.88124751095181
11104	8	129.78285950339406
11104	9	29.327864452798664
11105	1	187.967126984127
11105	2	129.6565694918468
11105	3	164.45098488562093
11105	4	63.64562706679894
11105	5	75.20360726021771
11105	6	92.84498487559647
11105	7	121.94682565789473
11105	8	115.87601294704446
11105	9	27.051439726209463
11106	1	145.16403370596205
11106	2	113.5992270738204
11106	3	169.94316060455074
11106	4	113.9651801546878
11106	5	66.91119081439393
11106	6	93.14717308279866
11106	7	102.65564708939709
11106	8	110.43470270890725
11106	9	27.88725446775447
11109	1	127.56658950617283
11109	2	69.73763071895425
11109	3	254.44951388888887
11109	4	1.8722558922558923
11109	5	3.2929211469534048
11109	6	8.884106861819326
11109	7	2.37617904589372
11109	8	13.716805555555554
11109	9	5.63846600331675
11201	1	113.43519323671498
11201	2	167.22258091286307
11201	3	137.05670269245354
11201	4	73.16775820535983
11201	5	49.78088449762308
11201	6	95.07801384667341
11201	7	78.91653133903134
11201	8	68.65433445190156
11201	9	27.372026898583787
11203	1	150.16754540023894
11203	2	176.2778858303249
11203	3	184.87290492794048
11203	4	149.70121506986027
11203	5	156.4431804949054
11203	6	89.74880122468205
11203	7	107.10484725601513
11203	8	95.71824768288647
11203	9	27.48972239274265
11204	1	133.69903855162076
11204	2	163.0773839506173
11204	3	122.40433298580082
11204	4	77.02523418710919
11204	5	79.51401973569814
11204	6	122.25509624362566
11204	7	168.89170880574454
11204	8	94.65535669191918
11204	9	33.32150245549417
11205	1	131.74194960760016
11205	2	116.44614589457183
11205	3	172.10641330891332
11205	4	154.7845096899225
11205	5	106.8707622676178
11205	6	105.09914742162864
11205	7	118.11102645268944
11205	8	104.70391822318007
11205	9	29.599358216970998
11206	1	151.3824651081647
11206	2	138.8357249720358
11206	3	192.90361012887004
11206	4	106.90312281359321
11206	5	57.829899804496584
11206	6	66.16920935883716
11206	7	96.37113336063337
11206	8	67.13778290553212
11206	9	26.752978428537
11207	1	151.81011909268722
11207	2	158.99098026020638
11207	3	222.52883027383982
11207	4	153.053229857989
11207	5	129.37359556384743
11207	6	108.30834398686648
11207	7	99.54451418595298
11207	8	77.50522075168428
11207	9	24.887503138731955
11208	1	170.9071085325832
11208	2	170.85156425048075
11208	3	199.3745104050539
11208	4	185.28568936314363
11208	5	99.85306935734577
11208	6	99.36473509933775
11208	7	74.53934230863807
11208	8	69.82997884302412
11208	9	21.373300952999784
11209	1	95.34000780084114
11209	2	79.12073422101858
11209	3	165.67017182539684
11209	4	60.573140851449274
11209	5	80.3584557082856
11209	6	92.24109040614854
11209	7	143.78353246124033
11209	8	120.64599709084084
11209	9	34.65890418551033
11210	1	152.3023938204509
11210	2	166.0934377822945
11210	3	231.31746419380107
11210	4	127.72286395814098
11210	5	101.96053780864197
11210	6	142.52081505209344
11210	7	176.87823165954416
11210	8	131.7727665909404
11210	9	32.05582834181891
11211	1	159.77609709480123
11211	2	122.137351836394
11211	3	210.0221463091267
11211	4	87.96772434923528
11211	5	76.35756517792302
11211	6	79.70296984611903
11211	7	103.74191575851928
11211	8	70.67972668162726
11211	9	23.98544172810762
11212	1	118.9756136591769
11212	2	169.12599151896322
11212	3	193.02288154897494
11212	4	178.58104580285615
11212	5	141.4084868064035
11212	6	82.99369723490614
11212	7	127.85505977158716
11212	8	92.12001340482574
11212	9	33.26871003668764
11213	1	122.85515131166622
11213	2	129.71660444444444
11213	3	220.45821812780991
11213	4	145.9325594899507
11213	5	119.58242766726944
11213	6	101.51740697509904
11213	7	92.49282596771667
11213	8	82.81565178208035
11213	9	30.684669176363222
11214	1	97.8878239629185
11214	2	96.590734563056
11214	3	150.17233195687086
11214	4	94.40165821611602
11214	5	96.41076910591727
11214	6	98.19422649034425
11214	7	122.3849808899809
11214	8	105.20340574211093
11214	9	28.32150799477892
11215	1	158.2411383184132
11215	2	166.0230635155907
11215	3	131.88999948702167
11215	4	124.04541076388888
11215	5	92.0349592459246
11215	6	113.79846237970254
11215	7	148.40929292929295
11215	8	97.29466124178347
11215	9	23.605903712007972
11216	1	123.44773114189984
11216	2	115.9387133027523
11216	3	212.6404086560159
11216	4	136.13218268544026
11216	5	108.0539026435856
11216	6	106.0524547833748
11216	7	122.64703370854515
11216	8	83.6467312371327
11216	9	25.97620252961896
11217	1	166.11668845315904
11217	2	184.6877876376989
11217	3	163.6392708333333
11217	4	95.02557447665056
11217	5	81.50536930608769
11217	6	94.63963081761007
11217	7	122.50001931729265
11217	8	83.74562620423893
11217	9	27.33674095607235
11218	1	151.27621824744153
11218	2	159.27975071907957
11218	3	154.64911514532906
11218	4	84.57370804398148
11218	5	97.65695588763238
11218	6	100.30326438492064
11218	7	123.5832001093921
11218	8	105.41842305151916
11218	9	29.884646854409244
11219	1	136.38767926204662
11219	2	162.4935725662589
11219	3	163.39627119160875
11219	4	101.99146342227233
11219	5	95.84346143473572
11219	6	81.13470087034327
11219	7	114.71789024390245
11219	8	106.48884145228973
11219	9	26.32887941919192
11220	1	132.37963037470536
11220	2	120.52373648439914
11220	3	135.01633475672878
11220	4	104.35515570249802
11220	5	81.20528584684902
11220	6	80.79858916900093
11220	7	112.95610817477096
11220	8	77.23623668603244
11220	9	23.608366518310298
11221	1	131.67390120967744
11221	2	114.95802488306111
11221	3	146.77464406550277
11221	4	136.5655395266353
11221	5	82.46275582388097
11221	6	79.43821199003018
11221	7	96.96465425531915
11221	8	68.8896394946967
11221	9	21.784887457981284
11222	1	164.53821812736828
11222	2	189.65837750036502
11222	3	191.99808245818747
11222	4	92.07202698999862
11222	5	64.76439329805997
11222	6	89.67106952146231
11222	7	109.8879512635379
11222	8	63.011561274020885
11222	9	24.906485711599927
11223	1	162.92276216305063
11223	2	118.97832325268818
11223	3	178.69008519473084
11223	4	109.94101350521792
11223	5	111.85472074990184
11223	6	113.84504442925494
11223	7	154.33330161476357
11223	8	124.3677661323469
11223	9	24.922779345878137
11224	1	109.77485648148148
11224	2	159.73286799620135
11224	3	120.79037287287288
11224	4	126.16383967629046
11224	5	102.72139912954428
11224	6	81.99344384707288
11224	7	91.209559352518
11224	8	59.742331402257875
11224	9	29.645508056758057
11225	1	100.0540170940171
11225	2	132.94079243765086
11225	3	197.91886781735565
11225	4	168.62337662999187
11225	5	95.39694183892074
11225	6	67.95389943489334
11225	7	112.77857204649906
11225	8	77.9748780312194
11225	9	25.51529144670689
11226	1	115.66098676412486
11226	2	126.75153023942785
11226	3	195.18265235658723
11226	4	168.71710668832927
11226	5	92.87085066349772
11226	6	67.75542603645425
11226	7	105.61797827153678
11226	8	93.06101699848644
11226	9	32.88799899239718
11228	1	105.85788215236194
11228	2	147.1280550682261
11228	3	149.9165127294257
11228	4	109.8465733464309
11228	5	77.28373263888889
11228	6	78.15346457101359
11228	7	122.91363624645528
11228	8	147.04379648354117
11228	9	24.37412291052114
11229	1	150.336608544686
11229	2	159.31857301587303
11229	3	153.96307741659538
11229	4	145.7890960976158
11229	5	145.37796571250223
11229	6	115.00604317961754
11229	7	166.72743592208127
11229	8	125.03893881423417
11229	9	34.31942193529237
11230	1	129.24736471022518
11230	2	137.8047558859975
11230	3	170.69898486267167
11230	4	135.09424913902484
11230	5	129.99920709898143
11230	6	127.35306187871302
11230	7	205.75797544558208
11230	8	135.96392390788225
11230	9	40.811389098532494
11231	1	150.74651997976733
11231	2	154.14974125514405
11231	3	149.31004913407278
11231	4	153.21233146815882
11231	5	140.2431941309255
11231	6	124.54175958644157
11231	7	101.50892433751743
11231	8	97.98739241939782
11231	9	38.1697147887324
11232	1	114.10311644978312
11232	2	97.86031677350427
11232	3	143.4541876021242
11232	4	139.30229714153987
11232	5	108.00567847000355
11232	6	86.18301061097594
11232	7	103.89960510275165
11232	8	82.34695638020834
11232	9	22.57222353455818
11233	1	130.13147354092223
11233	2	143.60349694189603
11233	3	240.9437049034553
11233	4	185.25192027902344
11233	5	110.6717459400475
11233	6	87.67303524904216
11233	7	131.0163922260361
11233	8	87.76945875686411
11233	9	30.869267434785915
11234	1	290.3950255255255
11234	2	218.93548530361755
11234	3	199.88300594439977
11234	4	83.82923205959285
11234	5	88.25187407641968
11234	6	120.10896763443806
11234	7	160.69975091074681
11234	8	147.4225777504969
11234	9	26.144964325297867
11235	1	149.72876640596908
11235	2	168.43236870220423
11235	3	151.68850688993547
11235	4	158.21780833879066
11235	5	85.93546400249488
11235	6	106.90116974293373
11235	7	157.64702612747547
11235	8	107.27948484848486
11235	9	30.46502136752137
11236	1	124.54119744140276
11236	2	181.9058282060562
11236	3	170.74117428800642
11236	4	161.7628821656051
11236	5	131.82312094270392
11236	6	100.2120958163661
11236	7	92.8954295727953
11236	8	113.83082241961812
11236	9	23.07117661400429
11237	1	170.96205686715385
11237	2	213.23819271194273
11237	3	214.22641970000956
11237	4	97.77863942826322
11237	5	80.0491082392553
11237	6	81.06808332017475
11237	7	81.28313838825171
11237	8	53.31798274144398
11237	9	25.880865103635745
11238	1	146.46002913111295
11238	2	110.85034914529916
11238	3	158.66970726079745
11238	4	126.736245060437
11238	5	83.58735538194445
11238	6	84.77054599370612
11238	7	94.42871066345961
11238	8	79.26373586263624
11238	9	27.95916223109337
11239	1	116.09203142536477
11239	2	101.67803009259259
11239	3	139.4701846205962
11239	4	123.64297032828284
11239	5	110.93585304659499
11239	6	94.51405267817618
11239	7	161.13964743589744
11239	8	103.8117962962963
11239	9	37.099783625731
11241	2	69.5425
11241	3	11.950173611111111
11241	4	1.2361111111111112
11241	5	65.62916666666668
11241	6	73.03833333333333
11241	7	23.528055555555557
11241	8	47.719166666666666
11242	1	21.766666666666666
11242	2	24.95
11242	3	2275.825833333334
11242	6	190.50447916666667
11249	1	153.2881222018722
11249	2	170.39491543209874
11249	3	120.26460138387486
11249	4	100.09136957193633
11249	5	49.41125374625375
11249	6	58.24391743827161
11249	7	76.3889978144388
11249	8	53.086528791565286
11249	9	16.34947826372472
11251	2	1114.4695833333335
11251	3	1.0716666666666668
11251	4	1.27125
11251	5	2.5556944444444447
11251	9	120.85583333333334
11354	1	173.64693756023684
11354	2	182.30675349623485
11354	3	179.5045510620915
11354	4	172.60046055169752
11354	5	116.63918079726312
11354	6	187.84174687890138
11354	7	153.66909530478858
11354	8	142.20250930232558
11354	9	37.72714996538595
11355	1	184.64127367268745
11355	2	177.57986619628784
11355	3	214.79568231162196
11355	4	191.9631340687736
11355	5	225.36587426532327
11355	6	134.81689483204133
11355	7	137.77613046559807
11355	8	123.97894448822346
11355	9	26.35180747126437
11356	1	88.7354377921611
11356	2	145.78527561776397
11356	3	109.54033186837954
11356	4	107.98928699119912
11356	5	81.05157393292683
11356	6	186.40960650705955
11356	7	123.27265076280945
11356	8	173.126638511815
11356	9	45.83810241472476
11357	1	191.9440646853147
11357	2	208.03103947639661
11357	3	243.89629997895622
11357	4	179.20780132850243
11357	5	131.97499023105675
11357	6	138.74337887561828
11357	7	101.53216360245138
11357	8	166.8395629789272
11357	9	32.57163522763451
11358	1	175.52038929813793
11358	2	186.1546885064412
11358	3	230.0755544830545
11358	4	180.88859579504316
11358	5	117.49417751084418
11358	6	137.69750362634176
11358	7	160.77108582527117
11358	8	162.7718580577897
11358	9	38.57117897727273
11359	1	0.029583333333333336
11359	2	3622.8547222222223
11359	4	1.4238071895424838
11359	5	81.87233333333333
11359	6	20.792499999999997
11359	7	0.5858333333333333
11359	8	51.82675925925926
11359	9	15.499722222222221
11360	1	250.4117312661499
11360	2	189.2178635620915
11360	3	284.8182384259259
11360	4	326.5672194809942
11360	5	170.7283517795139
11360	6	181.54260885885887
11360	7	120.02072374131944
11360	8	142.79781999324553
11360	9	40.05505835667601
11361	1	209.3666154371585
11361	2	194.8240913881361
11361	3	210.79234505862647
11361	4	148.75670356703566
11361	5	96.49799047235642
11361	6	162.29446027068326
11361	7	199.2779324301295
11361	8	165.83447257383966
11361	9	39.7242672547199
11362	1	234.0845427963849
11362	2	233.0347026143791
11362	3	211.85133333333332
11362	4	105.43889999999999
11362	5	163.68769822006473
11362	6	243.7238770456503
11362	7	220.16221590909092
11362	8	203.92577390180878
11362	9	53.75007142857143
11363	1	139.4327494855967
11363	2	346.5840998931624
11363	3	580.6186538461538
11363	4	100.30761458333333
11363	5	180.6033923611111
11363	6	271.7664497716895
11363	7	197.9003304947283
11363	8	242.7034049554781
11363	9	61.048807870370375
11364	1	228.3761825782093
11364	2	169.32479086845467
11364	3	229.29202435312024
11364	4	163.7045885942761
11364	5	159.2662944908697
11364	6	160.35215811965813
11364	7	153.82849383738042
11364	8	177.98377390180877
11364	9	36.51446954972465
11365	1	182.8209972022382
11365	2	100.98672611111111
11365	3	187.30914710485135
11365	4	107.7141222002635
11365	5	92.28620036273387
11365	6	94.32937736949548
11365	7	92.35552679573514
11365	8	133.99124942369755
11365	9	21.2270254459172
11366	1	147.7058327950043
11366	2	70.5087037037037
11366	3	87.80133323901151
11366	4	35.42059060228453
11366	5	90.55638888888889
11366	6	39.851129309473265
11366	7	39.04312624750499
11366	8	64.78184123503203
11366	9	12.4885706049317
11367	1	206.68189357567445
11367	2	181.92051020408164
11367	3	163.849859948861
11367	4	140.0551310116086
11367	5	89.78691468253969
11367	6	102.65438442211055
11367	7	156.7079241861288
11367	8	175.1540703405018
11367	9	42.546191438640136
11368	1	149.5361921708185
11368	2	152.5952814716312
11368	3	191.1561208856156
11368	4	63.82989888661668
11368	5	61.985576910998056
11368	6	61.63374429888404
11368	7	89.6136768938226
11368	8	61.340038813099994
11368	9	10.621360090061787
11369	1	166.88256425824733
11369	2	219.18434531382528
11369	3	218.65247587230886
11369	4	194.70980082172207
11369	5	99.52054469273743
11369	6	98.88673005490956
11369	7	117.62558807250588
11369	8	86.27860503802282
11369	9	19.482725717685557
11370	1	128.16854468599035
11370	2	169.3973659305994
11370	3	235.25497327707458
11370	4	48.783559454191035
11370	5	85.41598546590602
11370	6	113.2680598883112
11370	7	82.20526504819057
11370	8	107.7994299201162
11370	9	15.643941006875139
11371	1	61.61400000000001
11371	2	12.16986111111111
11371	3	0.043333333333333335
11371	4	171.44500000000002
11371	6	271.2396527777778
11371	8	237.35569444444445
11372	1	125.710353200883
11372	2	128.88440012662235
11372	3	114.63974874821173
11372	4	116.02090366088632
11372	5	58.4595304557008
11372	6	93.39050222806632
11372	7	130.38830933310612
11372	8	87.50116158113731
11372	9	16.854700285442437
11373	1	133.33904739032982
11373	2	113.88123220598071
11373	3	173.7651667888563
11373	4	135.75353525776092
11373	5	63.92083016390473
11373	6	166.55270060700275
11373	7	101.81078683537302
11373	8	96.4717875387703
11373	9	17.00824348510882
11374	1	189.4998344177511
11374	2	161.83683324812546
11374	3	162.87724144695542
11374	4	93.60726268591426
11374	5	82.67494612068965
11374	6	84.71413667188315
11374	7	101.39818460490463
11374	8	120.5466762672811
11374	9	38.09877787146337
11375	1	183.89662981543418
11375	2	136.52732755298652
11375	3	156.46242717195156
11375	4	139.36356889204546
11375	5	102.17212363720715
11375	6	127.69339108679387
11375	7	143.4255634787472
11375	8	135.7885312941877
11375	9	29.201809600862997
11377	1	125.1923590729094
11377	2	133.71888963963963
11377	3	159.28635939705586
11377	4	100.83399721448468
11377	5	75.13803566214047
11377	6	83.24373372973612
11377	7	92.36546907898695
11377	8	81.94531564556716
11377	9	19.856785915592194
11378	1	115.3813867123735
11378	2	133.06681325515282
11378	3	115.53890765268581
11378	4	124.8778841041999
11378	5	121.99488053613054
11378	6	103.86934352701326
11378	7	113.42133099866591
11378	8	132.32477627955944
11378	9	20.858120167881598
11379	1	145.16044276787076
11379	2	188.60273944728377
11379	3	153.236621024735
11379	4	100.73117210289048
11379	5	89.92895188221007
11379	6	123.89149340277778
11379	7	109.77337032784793
11379	8	142.12075250836122
11379	9	27.721821263227515
11385	1	122.35328758397034
11385	2	105.68141523889122
11385	3	123.39801245210728
11385	4	99.5743794968968
11385	5	79.60326031315869
11385	6	91.00478061473127
11385	7	87.51310537695056
11385	8	89.17733470324157
11385	9	24.224068239768357
11411	1	103.30212995337996
11411	2	229.9492771216098
11411	3	140.38780974426808
11411	4	62.233749257278674
11411	5	103.59431543903453
11411	6	90.93589605734766
11411	7	107.25059333333334
11411	8	165.0420518170753
11411	9	36.49059237912264
11412	1	155.4635341726619
11412	2	167.29732318271118
11412	3	265.7854576603035
11412	4	158.94659490740742
11412	5	151.07572133412276
11412	6	148.8920786578658
11412	7	132.42998635783118
11412	8	141.01632211985856
11412	9	37.36140912435614
11413	1	200.34814638447972
11413	2	190.4526376099857
11413	3	130.34572836928785
11413	4	112.53527048914805
11413	5	117.30837444209537
11413	6	149.75536828324226
11413	7	109.34183637528018
11413	8	120.23083509560314
11413	9	37.55508723008723
11414	1	151.04396865379232
11414	2	232.1445349258053
11414	3	123.85195997807018
11414	4	102.31628895663957
11414	5	169.25168255784388
11414	6	93.44079816595442
11414	7	94.02891083026154
11414	8	118.11769981060607
11414	9	27.777044494158588
11415	1	105.2542674291939
11415	2	138.1476478953356
11415	3	171.78898740310078
11415	4	115.18159053497942
11415	5	116.63299000644746
11415	6	147.301311060491
11415	7	192.4865023011177
11415	8	141.63317239404356
11415	9	32.354959523809526
11416	1	141.96728213507623
11416	2	136.98805404589373
11416	3	105.26109602056785
11416	4	118.76867019400353
11416	5	69.79422695232796
11416	6	122.1687018665491
11416	7	74.72013853815938
11416	8	107.1515781590414
11416	9	17.916747299382717
11417	1	146.30758429672449
11417	2	183.1128746258144
11417	3	205.10524088129878
11417	4	166.6021245791246
11417	5	123.35221715755026
11417	6	135.48020146226918
11417	7	94.45169323671497
11417	8	86.92326648841355
11417	9	15.00418943994602
11418	1	189.75287187039763
11418	2	154.51148835716907
11418	3	162.94147439105774
11418	4	191.28663483796296
11418	5	148.25201692329034
11418	6	133.19093647316538
11418	7	100.43221124971124
11418	8	118.23532082464675
11418	9	24.53061282932417
11419	1	141.1428971606242
11419	2	151.76635281385282
11419	3	122.96583829831714
11419	4	121.85549545587804
11419	5	73.86358267316676
11419	6	106.45974046910432
11419	7	106.76886184561967
11419	8	83.28664888670059
11419	9	11.351769979876384
11420	1	177.65490652346858
11420	2	230.75348798397863
11420	3	218.72177791771622
11420	4	169.34970197300103
11420	5	123.1321951716114
11420	6	109.4538362835004
11420	7	92.46266811056105
11420	8	99.60340000534445
11420	9	17.449895090044173
11421	1	98.39361552567239
11421	2	157.83017719629106
11421	3	139.73032326185836
11421	4	181.2523502415459
11421	5	138.0884634465974
11421	6	72.45108931240658
11421	7	84.43402535328346
11421	8	87.70275798525799
11421	9	12.893333110218654
11422	1	174.15269001610307
11422	2	160.1810297880117
11422	3	167.55888428991906
11422	4	209.06211006781427
11422	5	154.1196351693574
11422	6	123.53481558900037
11422	7	113.18875773651635
11422	8	134.52789569031276
11422	9	28.18829562353941
11423	1	165.13725494123932
11423	2	194.92610761265044
11423	3	222.1070883233533
11423	4	158.7793921095008
11423	5	129.62792159591743
11423	6	137.90464338781575
11423	7	114.33791405924072
11423	8	114.01022901723923
11423	9	27.395633270321362
11426	1	211.07954629629631
11426	2	225.30582446808512
11426	3	242.3082725262576
11426	4	153.76370134465677
11426	5	172.9537481962482
11426	6	187.88904293674204
11426	7	147.3395781653747
11426	8	201.16899214181288
11426	9	38.54904228855722
11427	1	144.04582421227198
11427	2	264.82434995446266
11427	3	158.8058187772926
11427	4	71.95494352236054
11427	5	178.08970473251028
11427	6	262.27356137387386
11427	7	183.15967022792026
11427	8	158.57078540507112
11427	9	46.441567745803354
11428	1	209.69496216646755
11428	2	174.6460240655402
11428	3	219.9612386831276
11428	4	136.3478839869281
11428	5	202.37513093901984
11428	6	191.62298987411057
11428	7	116.5842893289329
11428	8	203.12683049606443
11428	9	32.83645277777778
11429	1	187.3075607638889
11429	2	188.96714996246249
11429	3	121.11048664944013
11429	4	144.65042011019284
11429	5	78.02741161616161
11429	6	115.41077881180672
11429	7	116.00730007370554
11429	8	130.46344866576212
11429	9	20.16284155015943
11430	1	695.3250100401606
11430	2	894.0300393201421
11430	3	645.2259600862999
11430	4	112.83195707070708
11430	5	109.0137091503268
11430	6	175.21710905349795
11430	7	204.12622895622894
11430	8	353.6666534391535
11430	9	96.46407407407406
11432	1	128.07061028719397
11432	2	195.14180640763462
11432	3	182.4889041005291
11432	4	231.53254041248607
11432	5	123.94244786048185
11432	6	120.55305028546334
11432	7	107.40209413798523
11432	8	127.90761355105104
11432	9	24.655088052150223
11433	1	153.1047208994709
11433	2	153.19011258767074
11433	3	194.9373093115404
11433	4	163.20991087691908
11433	5	83.77706704138156
11433	6	126.68442605497484
11433	7	124.18833131067962
11433	8	98.77141524736415
11433	9	26.289078079588645
11434	1	184.15975286195288
11434	2	194.71848150528422
11434	3	190.04441656710475
11434	4	162.34372815694033
11434	5	112.60776430795019
11434	6	138.84075888734995
11434	7	132.9805048571226
11434	8	130.34442757660167
11434	9	41.47604063741161
11435	1	138.4559143254872
11435	2	147.1174484711985
11435	3	175.76154290765675
11435	4	106.89070904104742
11435	5	117.78232049134563
11435	6	116.09441432152677
11435	7	113.59852817670279
11435	8	99.78301930806775
11435	9	22.407107053040694
11436	1	138.29134051597774
11436	2	178.91472222222225
11436	3	236.51853174603175
11436	4	144.70485221674878
11436	5	166.87022961203485
11436	6	115.35551587301588
11436	7	135.159771216098
11436	8	101.9045501340156
11436	9	21.505055555555554
11691	1	182.28458465294273
11691	2	145.9595412986208
11691	3	324.0373646464647
11691	4	234.66851180891038
11691	5	200.75321158114636
11691	6	128.88464961093015
11691	7	149.23246533795495
11691	8	138.90441600470726
11691	9	27.95898245176314
11692	1	112.95370043572984
11692	2	140.91379349046017
11692	3	221.8504264995084
11692	4	191.69848017621146
11692	5	272.14551898293274
11692	6	258.724979445619
11692	7	204.8411621687333
11692	8	138.44013735420504
11692	9	48.24784369114878
11693	1	105.53945682944091
11693	2	239.43145732689214
11693	3	267.65946268237934
11693	4	206.80716696535245
11693	5	77.06946051423324
11693	6	110.36161507936508
11693	7	72.57003025793651
11693	8	50.3355364861429
11693	9	15.728387198986058
11694	1	174.10212750716332
11694	2	202.38891710758378
11694	3	192.62971980676332
11694	4	137.9125451388889
11694	5	84.10492212301588
11694	6	60.362767819035426
11694	7	75.27731203425648
11694	8	70.22177452177452
11694	9	19.05925377229081
11695	1	11.330694444444445
11695	4	185.52522569444446
11695	5	166.39546296296297
11695	6	12.893888888888888
11695	7	3.366990740740741
11695	8	23.046944444444446
11695	9	16.374722222222225
11697	1	390.09488888888893
11697	2	0.5083333333333334
11697	3	16.24361111111111
11697	4	133.10132407407406
11697	5	163.49410818713451
11697	6	129.88396241830065
11697	7	84.52225890985325
11697	8	108.7526736111111
11697	9	25.85733660130719
12345	1	2.2509259259259258
12345	2	18.609055555555557
12345	3	5.338888888888889
12345	5	0.6030555555555556
12345	6	143.56162037037038
12345	7	144.79296296296295
12345	8	0.6279861111111111
12345	9	1.027388888888889
